Sample,id,condition,moi,timepoint,cell_type,subset,replicate
JF291_1_CCGCGGTT-CTAGCGCT,JF291_1,A,0,0,nhtbe,ciliated,1
JF291_2_TTATAACC-TCGATATC,JF291_2,A,0,0,nhtbe,ciliated,2
JF291_3_GGACTTGG-CGTCTGCG,JF291_3,A,0,0,nhtbe,ciliated,3
JF291_4_AAGTCCAA-TACTCATA,JF291_4,A,0,0,nhtbe,ciliated,4
JF291_9_AGTTCAGG-TCTGTTGG,JF291_9,C,0.5,12,nhtbe,ciliated,1
JF291_10_GACCTGAA-CTCACCAA,JF291_10,C,0.5,12,nhtbe,ciliated,2
JF291_11_TCTCTACT-GAACCGCG,JF291_11,C,0.5,12,nhtbe,ciliated,3
JF291_12_CTCTCGTC-AGGTTATA,JF291_12,C,0.5,12,nhtbe,ciliated,4
JF291_17_TAATACAG-GTGAATAT,JF291_17,E,0.5,6,nhtbe,ciliated,1
JF291_18_CGGCGTGA-ACAGGCGC,JF291_18,E,0.5,6,nhtbe,ciliated,2
JF291_19_ATGTAAGT-CATAGAGT,JF291_19,E,0.5,6,nhtbe,ciliated,3
JF291_20_GCACGGAC-TGCGAGAC,JF291_20,E,0.5,6,nhtbe,ciliated,4
JF291_21_GGTACCTT-GACGTCTT,JF291_21,F,0,0,nhtbe,secretory,1
JF291_22_AACGTTCC-AGTACTCC,JF291_22,F,0,0,nhtbe,secretory,2
JF291_23_GCAGAATT-TGGCCGGT,JF291_23,F,0,0,nhtbe,secretory,3
JF291_24_ATGAGGCC-CAATTAAC,JF291_24,F,0,0,nhtbe,secretory,4
JF291_29_CCGTGAAG-ATCCACTG,JF291_29,H,0.5,12,nhtbe,secretory,1
JF291_30_TTACAGGA-GCTTGTCA,JF291_30,H,0.5,12,nhtbe,secretory,2
JF291_31_GGCATTCT-CAAGCTAG,JF291_31,H,0.5,12,nhtbe,secretory,3
JF291_32_AATGCCTC-TGGATCGA,JF291_32,H,0.5,12,nhtbe,secretory,4
JF291_37_TCGTAGTG-CCAAGTCT,JF291_37,J,0.5,6,nhtbe,secretory,1
JF291_38_CTACGACA-TTGGACTC,JF291_38,J,0.5,6,nhtbe,secretory,2
JF291_39_TAAGTGGT-GGCTTAAG,JF291_39,J,0.5,6,nhtbe,secretory,3
JF291_40_CGGACAAC-AATCCGGA,JF291_40,J,0.5,6,nhtbe,secretory,4