Sample,path,id,condition,moi,timepoint,cell_type,subset,replicate
JF291_1_CCGCGGTT-CTAGCGCT,../data/invert_data/JF291_1_CCGCGGTT-CTAGCGCT_final_results.csv,JF291_1,A,0,0,nhtbe,ciliated,1
JF291_2_TTATAACC-TCGATATC,../data/invert_data/JF291_2_TTATAACC-TCGATATC_final_results.csv,JF291_2,A,0,0,nhtbe,ciliated,2
JF291_3_GGACTTGG-CGTCTGCG,../data/invert_data/JF291_3_GGACTTGG-CGTCTGCG_final_results.csv,JF291_3,A,0,0,nhtbe,ciliated,3
JF291_4_AAGTCCAA-TACTCATA,../data/invert_data/JF291_4_AAGTCCAA-TACTCATA_final_results.csv,JF291_4,A,0,0,nhtbe,ciliated,4
JF291_9_AGTTCAGG-TCTGTTGG,../data/invert_data/JF291_9_AGTTCAGG-TCTGTTGG_final_results.csv,JF291_9,C,0.5,12,nhtbe,ciliated,1
JF291_10_GACCTGAA-CTCACCAA,../data/invert_data/JF291_10_GACCTGAA-CTCACCAA_final_results.csv,JF291_10,C,0.5,12,nhtbe,ciliated,2
JF291_11_TCTCTACT-GAACCGCG,../data/invert_data/JF291_11_TCTCTACT-GAACCGCG_final_results.csv,JF291_11,C,0.5,12,nhtbe,ciliated,3
JF291_12_CTCTCGTC-AGGTTATA,../data/invert_data/JF291_12_CTCTCGTC-AGGTTATA_final_results.csv,JF291_12,C,0.5,12,nhtbe,ciliated,4
JF291_17_TAATACAG-GTGAATAT,../data/invert_data/JF291_17_TAATACAG-GTGAATAT_final_results.csv,JF291_17,E,0.5,6,nhtbe,ciliated,1
JF291_18_CGGCGTGA-ACAGGCGC,../data/invert_data/JF291_18_CGGCGTGA-ACAGGCGC_final_results.csv,JF291_18,E,0.5,6,nhtbe,ciliated,2
JF291_19_ATGTAAGT-CATAGAGT,../data/invert_data/JF291_19_ATGTAAGT-CATAGAGT_final_results.csv,JF291_19,E,0.5,6,nhtbe,ciliated,3
JF291_20_GCACGGAC-TGCGAGAC,../data/invert_data/JF291_20_GCACGGAC-TGCGAGAC_final_results.csv,JF291_20,E,0.5,6,nhtbe,ciliated,4
JF291_21_GGTACCTT-GACGTCTT,../data/invert_data/JF291_21_GGTACCTT-GACGTCTT_final_results.csv,JF291_21,F,0,0,nhtbe,secretory,1
JF291_22_AACGTTCC-AGTACTCC,../data/invert_data/JF291_22_AACGTTCC-AGTACTCC_final_results.csv,JF291_22,F,0,0,nhtbe,secretory,2
JF291_23_GCAGAATT-TGGCCGGT,../data/invert_data/JF291_23_GCAGAATT-TGGCCGGT_final_results.csv,JF291_23,F,0,0,nhtbe,secretory,3
JF291_24_ATGAGGCC-CAATTAAC,../data/invert_data/JF291_24_ATGAGGCC-CAATTAAC_final_results.csv,JF291_24,F,0,0,nhtbe,secretory,4
JF291_29_CCGTGAAG-ATCCACTG,../data/invert_data/JF291_29_CCGTGAAG-ATCCACTG_final_results.csv,JF291_29,H,0.5,12,nhtbe,secretory,1
JF291_30_TTACAGGA-GCTTGTCA,../data/invert_data/JF291_30_TTACAGGA-GCTTGTCA_final_results.csv,JF291_30,H,0.5,12,nhtbe,secretory,2
JF291_31_GGCATTCT-CAAGCTAG,../data/invert_data/JF291_31_GGCATTCT-CAAGCTAG_final_results.csv,JF291_31,H,0.5,12,nhtbe,secretory,3
JF291_32_AATGCCTC-TGGATCGA,../data/invert_data/JF291_32_AATGCCTC-TGGATCGA_final_results.csv,JF291_32,H,0.5,12,nhtbe,secretory,4
JF291_37_TCGTAGTG-CCAAGTCT,../data/invert_data/JF291_37_TCGTAGTG-CCAAGTCT_final_results.csv,JF291_37,J,0.5,6,nhtbe,secretory,1
JF291_38_CTACGACA-TTGGACTC,../data/invert_data/JF291_38_CTACGACA-TTGGACTC_final_results.csv,JF291_38,J,0.5,6,nhtbe,secretory,2
JF291_39_TAAGTGGT-GGCTTAAG,../data/invert_data/JF291_39_TAAGTGGT-GGCTTAAG_final_results.csv,JF291_39,J,0.5,6,nhtbe,secretory,3
JF291_40_CGGACAAC-AATCCGGA,../data/invert_data/JF291_40_CGGACAAC-AATCCGGA_final_results.csv,JF291_40,J,0.5,6,nhtbe,secretory,4